batch_number	filename	start_pass	end_pass	source_files	bytes	sha256
1	GUIDED_ESTIMATE_BATCH_001_0190_0256.sql	0190	0256	67	159484	402af67118bc9d5d0df65392434763b3e42fbe87ee7120b116d40497146b2d99
2	GUIDED_ESTIMATE_BATCH_002_0257_0315.sql	0257	0315	59	158334	6d6767fcff0afc3f71942fdb411fcfd3b48798452557981652de7d7d9642051a
3	GUIDED_ESTIMATE_BATCH_003_0316_0331.sql	0316	0331	16	144787	3dcc4d18d669ee795682ab24c658eff3a1bc518b7e1cb1c3089b1ad4cfc09686
4	GUIDED_ESTIMATE_BATCH_004_0332_0338.sql	0332	0338	7	139420	a4583c102fdb023051a3ec62e1e1445d369a89cd1ad4f2cf59c35fa2ceb48b77
5	GUIDED_ESTIMATE_BATCH_005_0339_0343.sql	0339	0343	5	131761	a05ea27ec1e2c524efd03a1a79fd7b7ae087e816f95d5d956bcf7178b2643d00
6	GUIDED_ESTIMATE_BATCH_006_0344_0347.sql	0344	0347	4	127515	c68a2481a1ee7b4cdf3ee3e51212426239721d35d269a9acbe303f4d32325a2b
7	GUIDED_ESTIMATE_BATCH_007_0348_0351.sql	0348	0351	4	146000	c641e972229b46f2a014802ef309e604d6a2cb442099c930de9db9129c58bc26
8	GUIDED_ESTIMATE_BATCH_008_0352_0354.sql	0352	0354	3	120676	bb4e1902ea9798b66b6d5007008fde78ed51a9b07f268e212efdef420defe667
9	GUIDED_ESTIMATE_BATCH_009_0355_0357.sql	0355	0357	3	131722	527878ffdf43fe4bb8c59e15ca9fcc643376ff33d7fbdb766e36c51b6eb46bfa
10	GUIDED_ESTIMATE_BATCH_010_0358_0360.sql	0358	0360	3	139924	a5e2fa04ac3e1b95aba1e5bbf8cac4c47c2f0867e89ba5224435f36f5a713973
11	GUIDED_ESTIMATE_BATCH_011_0361_0363.sql	0361	0363	3	149779	f2115b80fffa1d1e5cd38aa5ebeccd1ad029619489fea727b7cd042f83bb7e8c
12	GUIDED_ESTIMATE_BATCH_012_0364_0365.sql	0364	0365	2	108533	27bd9db89f07b32c5bfff9a109724c862473b8815235dc36a43a9c39569e7e70
13	GUIDED_ESTIMATE_BATCH_013_0366_0367.sql	0366	0367	2	116230	f26d9eb8c425cf96ded957e84fbed12b7ec495a557d166bb74fb3348538708e9
14	GUIDED_ESTIMATE_BATCH_014_0368_0369.sql	0368	0369	2	125105	547aa752278ba024386c5d3536f3ec0e1ebfc928a21578e51f6734342e8b7ea6
15	GUIDED_ESTIMATE_BATCH_015_0370_0371.sql	0370	0371	2	134867	5d1811009e3bd9d6505dc4ac5fee55ce0eb2d57825ee22350bbc0b0cdcf67848
16	GUIDED_ESTIMATE_BATCH_016_0372_0373.sql	0372	0373	2	144773	a05373d0c96ea52ce6ad56faf9e4880f9821a47840eccd7d6bf755518851d86c
17	GUIDED_ESTIMATE_BATCH_017_0374_0375.sql	0374	0375	2	155117	e554058ec7c85e717e900f2331ac4a2f770b6cf39143f9e4547c393d5509ec11
18	GUIDED_ESTIMATE_BATCH_018_0376_0376.sql	0376	0376	1	81655	f25fe13a4f442fd640658ff73d3fb5e5d917d08e6dcb137f107b21bb8e44e747
19	GUIDED_ESTIMATE_BATCH_019_0377_0377.sql	0377	0377	1	84159	b885c072a4862798f7c763d55bc433b2261654426532e3e6b7ddcdaf54f52603
20	GUIDED_ESTIMATE_BATCH_020_0378_0378.sql	0378	0378	1	86701	42ae061a7836ae8a9e96dd35ab91c3e3fef9bc981d8d6443fb3c4a24694e4e47
21	GUIDED_ESTIMATE_BATCH_021_0379_0379.sql	0379	0379	1	89321	a69b1b95d5229d6f55251469bd92b196a220262086f43d211d688d14dbe23996
22	GUIDED_ESTIMATE_BATCH_022_0380_0380.sql	0380	0380	1	91989	109df882927a2b79fb0080441cec3d587a38ff5c952c88bca3e749441336cece
23	GUIDED_ESTIMATE_BATCH_023_0381_0381.sql	0381	0381	1	94673	cc6cae91b0cfe2fa0a8e9835e48c20950c85834fc86869eb7f99049c13dad819
24	GUIDED_ESTIMATE_BATCH_024_0382_0382.sql	0382	0382	1	97311	020e51cdbffa909eb9c8d0658b72de2218dad03ff9fa9dbc9234ecc9132c1a88
25	GUIDED_ESTIMATE_BATCH_025_0383_0383.sql	0383	0383	1	100099	9c1d5db3c11e5da2020274873f0ac7ac8ca4b9007f72cfd025eea748b681e747
26	GUIDED_ESTIMATE_BATCH_026_0384_0384.sql	0384	0384	1	102707	5038c1894543b03c349ac40f2cd7642776da7893db1cff287cde58ed4f2530db
27	GUIDED_ESTIMATE_BATCH_027_0385_0385.sql	0385	0385	1	105245	f4398a04174be2ca85a4fc5923e17efdf944f498c9a485afc225fa636c0e1ff1
28	GUIDED_ESTIMATE_BATCH_028_0386_0386.sql	0386	0386	1	107867	be7b5365598989d5907b415d0b794107505bb207827c29bc2dd44f8a2fe246b9
29	GUIDED_ESTIMATE_BATCH_029_0387_0387.sql	0387	0387	1	110485	02a09510af036adf6c3fb7de15e3deab3722460425bffb0cdbdcdc1afdb565d0
30	GUIDED_ESTIMATE_BATCH_030_0388_0388.sql	0388	0388	1	112984	040bde75afe7df7e567bfba9fef00deeea8a5a50cf6103ca930a12a0c1585a46
31	GUIDED_ESTIMATE_BATCH_031_0389_0389.sql	0389	0389	1	115551	410930d5e933302e88ea1c67f77f0785b596efee79ae158ee5088b988ef3f89c
32	GUIDED_ESTIMATE_BATCH_032_0390_0390.sql	0390	0390	1	118077	cf3e2298b690e7c649523d84bc37c42e3b5cd1b6fe2bd9a69e7e8d3b35694773
33	GUIDED_ESTIMATE_BATCH_033_0391_0391.sql	0391	0391	1	120547	2471911bdc7f706362487cc025042187bc41207bc454263e34ee1b03832bce92
34	GUIDED_ESTIMATE_BATCH_034_0392_0392.sql	0392	0392	1	123063	84b7584c0a6a49a5782d0bdef801425a6d39db139554c84fa2897be77aa68881
35	GUIDED_ESTIMATE_BATCH_035_0393_0393.sql	0393	0393	1	125629	a19338b0a1b9ad785ae960eb0ba20dce95a3553c30d836da9c771caab7dbdc7c
36	GUIDED_ESTIMATE_BATCH_036_0394_0394.sql	0394	0394	1	128191	e18fc698c24b80834d9712aa419d2d5b633850d2fa40a0effcf8dec567caf138
37	GUIDED_ESTIMATE_BATCH_037_0395_0395.sql	0395	0395	1	130765	b5f5f141a63b199f638c34187b7d28adaff85c857f376add68d5149bab1d97ea
38	GUIDED_ESTIMATE_BATCH_038_0396_0396.sql	0396	0396	1	133377	eff5d55d7308100131f881eb139e0d96f78368eed11e6d4cea4ff47f7e7111be
39	GUIDED_ESTIMATE_BATCH_039_0397_0397.sql	0397	0397	1	136113	12fb3d9a2f7a1c681bf79a3866275251739c2ffc8688d08581bb308bb4d00e18
40	GUIDED_ESTIMATE_BATCH_040_0398_0398.sql	0398	0398	1	138727	5aa599db032b1da9abedc2b20102bea718df4fc8991527d9396295a92dbcecc2
41	GUIDED_ESTIMATE_BATCH_041_0399_0399.sql	0399	0399	1	141285	1d82d414030d3a90f0aa214d2424d6d458192048c7c55a70e31d5990cb577d0c
42	GUIDED_ESTIMATE_BATCH_042_0400_0400.sql	0400	0400	1	143823	fb0295a6290400d9b40a4ee26c76e6e5e5bd763989cfab368cfef52b1e5f0b40
43	GUIDED_ESTIMATE_BATCH_043_0401_0401.sql	0401	0401	1	146576	83fa3cefb5a52e46beb73f46f6d7855354c588e342bf3cf0be035fc9cd702e71
44	GUIDED_ESTIMATE_BATCH_044_0402_0402.sql	0402	0402	1	149290	291186b39575286e8d4c7f47fed0eb3bbbdee204ea4896f0034ecd73a3bcd5c7
45	GUIDED_ESTIMATE_BATCH_045_0403_0403.sql	0403	0403	1	151952	3b00518e3dc5ca789fca2dbc6ef1ae501465a11ab529144d072af88b5293935d
46	GUIDED_ESTIMATE_BATCH_046_0404_0404.sql	0404	0404	1	154646	cb6ed3d29e8f0ee88bdc8175daded89b40125f9434e9834993d769e9ab005992
47	GUIDED_ESTIMATE_BATCH_047_0405_0405.sql	0405	0405	1	157308	ec01777155d6e555f312e3694532c277b23954f0e4493a760d9c9863415cd9e3
48	GUIDED_ESTIMATE_BATCH_048_0406_0406.sql	0406	0406	1	159914	f49029c1a1629ea8b64fe50275cae5f23dddc752afdcc764ee7bd95f5795b8c5
49	GUIDED_ESTIMATE_BATCH_049_0407_0407.sql	0407	0407	1	162538	c7034f74bd54ff0cc20e3c6d8185622d45da4bcd11f09ad070508b514edc3b40
50	GUIDED_ESTIMATE_BATCH_050_0408_0408.sql	0408	0408	1	165329	2acc18754b20cdf1f7db8b402cd4d08a4af5d4c787632d5a765778def7eaa50a
51	GUIDED_ESTIMATE_BATCH_051_0409_0409.sql	0409	0409	1	168083	b3c81456bad737806282c2e8aec5c9380bca6b06f25d59bdefb35dc100257e77
52	GUIDED_ESTIMATE_BATCH_052_0410_0410.sql	0410	0410	1	170932	b6df146660866d2de40e631c8e6fba8c3e1e0f15953bfa10dc0965e17317e1bf
53	GUIDED_ESTIMATE_BATCH_053_0411_0411.sql	0411	0411	1	173726	906e76c42a19b07e5fc49bd82d29ca418f1b1569269e87848fd89da09444aaaa
54	GUIDED_ESTIMATE_BATCH_054_0412_0412.sql	0412	0412	1	176537	9f67a6bc70331c5c3eefe9b91cfa5712fe680d9ddec2896aa6418e2c053ed978
55	GUIDED_ESTIMATE_BATCH_055_0413_0413.sql	0413	0413	1	179241	5ea9bbec642d9e848f475ce8fba1c37e1a2337c3e81d6b60704fa59108cf2350
56	GUIDED_ESTIMATE_BATCH_056_0414_0414.sql	0414	0414	1	181977	d23fe033ab1ce65606b287898d1a53b7b1a2ed717f41a8c0171286b59fd6a4a6
57	GUIDED_ESTIMATE_BATCH_057_0415_0415.sql	0415	0415	1	184688	a1d61c8ab327832b08079ef4a0cfa59b3e29941cc286257cc403883a2f6a9f40
58	GUIDED_ESTIMATE_BATCH_058_0416_0416.sql	0416	0416	1	187408	8e24382e3cd0bf308ba754d3e91558980efe93274b0d0d539311e6ccd9d674cc
59	GUIDED_ESTIMATE_BATCH_059_0417_0417.sql	0417	0417	1	190168	a0be3e0de0cb042e721283d8700b13a920895a5d0a2dea3fbb4586ab16ec69a8
60	GUIDED_ESTIMATE_BATCH_060_0418_0418.sql	0418	0418	1	192920	e5161b1f23158f3c631a549db76b0559fcdc65092d2923c2580dd3e1bd00b4e5
61	GUIDED_ESTIMATE_BATCH_061_0419_0419.sql	0419	0419	1	195646	ab87cfed8f9b471cf34f9b922406ac4f8cc6ea817f4a82c20f6a63539ead12cd
62	GUIDED_ESTIMATE_BATCH_062_0420_0420.sql	0420	0420	1	198384	12cb465e23ab5c42f434d439bc615c3398688aa4d9655bb59b2e5c3d6dee3afc
63	GUIDED_ESTIMATE_BATCH_063_0421_0421.sql	0421	0421	1	201126	2c0be52223dd75b06e2dedef7c1846b7aa8c213fd5a3d5cb9218bebdc3765b1a
64	GUIDED_ESTIMATE_BATCH_064_0422_0422.sql	0422	0422	1	203844	704db6430c83ebf0947fb39e303e74d012e50bf373c2eb45cf0ba803ed83cea5
65	GUIDED_ESTIMATE_BATCH_065_0423_0423.sql	0423	0423	1	206552	a3d44e74aa62594abc75d0aa73cbf7c8631bce3b918980bd0015348798e41a70
66	GUIDED_ESTIMATE_BATCH_066_0424_0424.sql	0424	0424	1	209286	4bfbe6e94d4d73cfcbde3b945494680df9125f25fe2c6de88f275cfc74f2d93f
67	GUIDED_ESTIMATE_BATCH_067_0425_0425.sql	0425	0425	1	211920	8b3a2d9e31b8b56dd204f32f50d6161bee6a8869d234c781bac99504c09f9096
68	GUIDED_ESTIMATE_BATCH_068_0426_0426.sql	0426	0426	1	214690	47d04cc27b1beee810b13120bb2a527e83a5ea08770e0e69c635473493d8c163
69	GUIDED_ESTIMATE_BATCH_069_0427_0427.sql	0427	0427	1	217536	2c861d869ce49f3f4cca86ff05b9cd6f85abd67034d1a4f87b9a125906f8e834
70	GUIDED_ESTIMATE_BATCH_070_0428_0428.sql	0428	0428	1	220414	23adcd1320956319605b03a476e22d2f3bcb1bb577638818d798b0e71f18700c
71	GUIDED_ESTIMATE_BATCH_071_0429_0429.sql	0429	0429	1	223250	62515ca899462acaf39d5af996fc5566d9f3dceeef0aa1bb0a918ef69c612bd0
72	GUIDED_ESTIMATE_BATCH_072_0430_0430.sql	0430	0430	1	226036	8add051fbdc548f5d3076a0bb4b2049c18a6c4411f397c061cce2ca94a8d7812
73	GUIDED_ESTIMATE_BATCH_073_0431_0431.sql	0431	0431	1	228828	0df7eb29d97a026deec03e205398406a4c735ccfc70fd92e1c7c1076a091a26a
74	GUIDED_ESTIMATE_BATCH_074_0432_0432.sql	0432	0432	1	231766	9d826a57a855070279369427e3ab857f44ae2497f678ae1d010dc4a4ae3b03dc
75	GUIDED_ESTIMATE_BATCH_075_0433_0433.sql	0433	0433	1	234404	c1ddba68529835b1eab760e0cc5031635748557f972055aaa6adeea592c450b6
76	GUIDED_ESTIMATE_BATCH_076_0434_0434.sql	0434	0434	1	237062	804cf9070c8a0b9b6d128e7966f67f7510677ae7d028333701f02ccd996e9ee3
77	GUIDED_ESTIMATE_BATCH_077_0435_0435.sql	0435	0435	1	239746	24621d3dc0352173f4f150b75ec3f6aef49f152b0929b9f2fefc13ed89af3072
78	GUIDED_ESTIMATE_BATCH_078_0436_0436.sql	0436	0436	1	242510	0f8631d762b61f0b15673011fe0945210b2eb74400bbf14eb0eac3ac3c91ce23
79	GUIDED_ESTIMATE_BATCH_079_0437_0437.sql	0437	0437	1	245140	8f40efc3ae6e3d5ca149e741bebbd13146a9ed2edbb001f67bf7aa9552ba4dac
80	GUIDED_ESTIMATE_BATCH_080_0438_0438.sql	0438	0438	1	247952	45ede779871d0139a3106b637054e109f39febc603c20cc11c7bbe7993544c5e
81	GUIDED_ESTIMATE_BATCH_081_0439_0439.sql	0439	0439	1	250264	1865fda0d1fbf943f852b1008c6d6f5282df635436c4e65d7141ed9ba313a862
82	GUIDED_ESTIMATE_BATCH_082_0440_0440.sql	0440	0440	1	252583	30f2caeb4e29bde07364ae866b335045cda8fb8ce5b5208045ef91deaa689adb
83	GUIDED_ESTIMATE_BATCH_083_0441_0441.sql	0441	0441	1	254980	5368530cd8dd376da544aa3d3816459e4464c30b245795dd2c2804c8acd1846e
84	GUIDED_ESTIMATE_BATCH_084_0442_0442.sql	0442	0442	1	257389	7f00924377513008a993813d8dc9f568006656ffba6f42965bd997be56d39feb
85	GUIDED_ESTIMATE_BATCH_085_0443_0443.sql	0443	0443	1	259759	345269bd9eb25219054af7e7c7e1c629be3900f9bbb8ab0e2a0ffa561a7ba2a9
86	GUIDED_ESTIMATE_BATCH_086_0444_0444.sql	0444	0444	1	262129	54f2f837a0249ec092bfddc32692466e0f7004fbc3b4fd314aa64b353b77e661
87	GUIDED_ESTIMATE_BATCH_087_0445_0445.sql	0445	0445	1	264406	33f0bc13a92872194c7a0a003be2fe8d9dfaae1c402acb022d6aa4fdb556a54f
88	GUIDED_ESTIMATE_BATCH_088_0446_0446.sql	0446	0446	1	266715	9eeb02b64701008da1d9d0cc710de5d4ce5a1d1f6054320d446a548f5e166b71
89	GUIDED_ESTIMATE_BATCH_089_0447_0447.sql	0447	0447	1	269078	be7337b6e86f46cc89f61572c6230ae03a9bbe7e6542b524ac1f3750179527df
90	GUIDED_ESTIMATE_BATCH_090_0448_0448.sql	0448	0448	1	271363	902b6591b826234762df07814e6bc7a648bcba9943e1ba4c6a845d16e2d9e957
91	GUIDED_ESTIMATE_BATCH_091_0449_0449.sql	0449	0449	1	273670	f1961984055b3d1fa449cf04b8d9bbe04894da7905d22387d4e1b0b6ca3db39b
92	GUIDED_ESTIMATE_BATCH_092_0450_0450.sql	0450	0450	1	276097	ab871d57be646349f5c0d7538d66c18737b516eaccafb3d6d046093bb68bac52
93	GUIDED_ESTIMATE_BATCH_093_0451_0451.sql	0451	0451	1	278472	9e00dcbd26616633a4ce0d68c709c218b793e645d77c923687f1550d0a850c97
94	GUIDED_ESTIMATE_BATCH_094_0452_0452.sql	0452	0452	1	280801	44236566ca0a89276a295027fd0b3c06e325be8ccd610a431c89493394bddc8b
95	GUIDED_ESTIMATE_BATCH_095_0453_0453.sql	0453	0453	1	283172	d35f041ca6c388996e279342293de5436ac5042ea800d5a3343c2943ef0de588
96	GUIDED_ESTIMATE_BATCH_096_0454_0454.sql	0454	0454	1	285417	07fa47f3d382fdc7a8843c0c8dbe0e0d2e0a8d5b35e66f8eab4cce01aa2aab3b
97	GUIDED_ESTIMATE_BATCH_097_0455_0455.sql	0455	0455	1	287646	b7101a06ff4d0d031d55f074a09529c8db7ac91f9f34292b7b7773e884a78e37
98	GUIDED_ESTIMATE_BATCH_098_0456_0456.sql	0456	0456	1	289905	2d4532cca38b8610ff5e677d076ddbcdfb9a3a74e90a5f24a8f2661b63aac502
99	GUIDED_ESTIMATE_BATCH_099_0457_0457.sql	0457	0457	1	292196	512d83e07de5c786ecc8183c240be1cd3215d6dff900cb239d6461bf681ce0a9
100	GUIDED_ESTIMATE_BATCH_100_0458_0458.sql	0458	0458	1	294736	45f33e4636d129f025a69103a489c792e8c32e95e93fc89211d13d660caed16a
101	GUIDED_ESTIMATE_BATCH_101_0459_0459.sql	0459	0459	1	297254	a9ac545f6b5568816a6df511cee01bb4f137207f8f1647d26ab8632d26923a44
102	GUIDED_ESTIMATE_BATCH_102_0460_0460.sql	0460	0460	1	299774	c2f5e65c0417f46f0562d0acdba9a1735df6b8700c658077ad4ce25b19539797
103	GUIDED_ESTIMATE_BATCH_103_0461_0461.sql	0461	0461	1	302258	b177081cc12735f6ca0bc5aa847b1a1d423f7d3d0f65567c75736f0e9f30f18e
104	GUIDED_ESTIMATE_BATCH_104_0462_0462.sql	0462	0462	1	304698	418e8c4a81bc5f41a0e656106dc500b5a6c302a940c50c64f121f8e523f1cd02
105	GUIDED_ESTIMATE_BATCH_105_0463_0463.sql	0463	0463	1	307032	63f3941f3aa5b05ba6d100b046e366d5fdfb88482e4fb1dcb71115c24b65a18b
106	GUIDED_ESTIMATE_BATCH_106_0464_0464.sql	0464	0464	1	309624	4c309f9ca9a22e09639bb260c4b7274c29c8ea5286d5f9f098100a0227f3a0de
107	GUIDED_ESTIMATE_BATCH_107_0465_0465.sql	0465	0465	1	311992	33b2012c41080ecdc0ac02f0c611cfd0bfc57d88d9cd99261a37e47d85a776e4
108	GUIDED_ESTIMATE_BATCH_108_0466_0466.sql	0466	0466	1	314312	eeba5399ebeb0ff7f2cce0108eb7004f9b00214fc9aa3e14b173f8c1dc73cf34
109	GUIDED_ESTIMATE_BATCH_109_0467_0467.sql	0467	0467	1	316738	18bc2e5e1ba79e4223e18e8eb6c8177fd04464fe26ae4876fb9c82d97863e484
110	GUIDED_ESTIMATE_BATCH_110_0468_0468.sql	0468	0468	1	319072	e1ec1f4149b8db25298bfe9a1b9e4f9e7c201ade540501961d2be9974de62733
111	GUIDED_ESTIMATE_BATCH_111_0469_0469.sql	0469	0469	1	321438	a04e9b8b4ecbdd30e3e0996019e2ef196531c24bee70328ef7333d34bbe10de6
112	GUIDED_ESTIMATE_BATCH_112_0470_0470.sql	0470	0470	1	323782	6d203c4bde9ffeaab5855804858e731cd34b383c97e6e4ff5d0f49c3e28a9564
113	GUIDED_ESTIMATE_BATCH_113_0471_0471.sql	0471	0471	1	325926	f103c7d5c56c770b83975573d6de45dbf406f093f816242b5e18f9f37996b0c7
114	GUIDED_ESTIMATE_BATCH_114_0472_0472.sql	0472	0472	1	328098	5a4df546309b48a9edabf4264098e893288d45f688539c975659ccf8c2a2fec6
115	GUIDED_ESTIMATE_BATCH_115_0473_0473.sql	0473	0473	1	330256	1e6a1fe9439c95eeea18ca5fc413f7797734c11de328a4a390b54b58506a52d0
116	GUIDED_ESTIMATE_BATCH_116_0474_0474.sql	0474	0474	1	332428	75527807c3b28b5c812f75765c5921abad33b5951efad92a5f4e87823eeabd41
117	GUIDED_ESTIMATE_BATCH_117_0475_0475.sql	0475	0475	1	334598	49ac22cdd10f1e5991b96e78d333f4618b5453d2208aeb895ef1a09818978a4f
118	GUIDED_ESTIMATE_BATCH_118_0476_0476.sql	0476	0476	1	336808	f67ee64dca4f101f68f606691fa93fa8813abc6d9fd4e89917943a0328c7b76d
