batch	pass	filename
1	0190	0190_flooring_knowledge_engine.sql
1	0191	0191_flooring_knowledge_roll_tile_stairs.sql
1	0192	0192_flooring_knowledge_estimator_gaps.sql
1	0193	0193_flooring_knowledge_subfloor_condition.sql
1	0194	0194_flooring_knowledge_job_conditions.sql
1	0195	0195_flooring_knowledge_pattern_delivery.sql
1	0196	0196_flooring_knowledge_stair_gates.sql
1	0197	0197_flooring_knowledge_scope_notes.sql
1	0198	0198_flooring_knowledge_vapor_barrier.sql
1	0199	0199_flooring_knowledge_hs_trim.sql
1	0200	0200_flooring_knowledge_prep_gates.sql
1	0201	0201_flooring_knowledge_shared_demo.sql
1	0202	0202_flooring_knowledge_tile_carpet_prep.sql
1	0203	0203_flooring_knowledge_radiant_tile_format.sql
1	0204	0204_flooring_knowledge_grade_carpet.sql
1	0205	0205_flooring_knowledge_carpet_glue_climate.sql
1	0206	0206_flooring_knowledge_shared_prep.sql
1	0207	0207_flooring_knowledge_bond_site.sql
1	0208	0208_flooring_knowledge_stretch_pad.sql
1	0209	0209_flooring_knowledge_mixed_install.sql
1	0210	0210_flooring_knowledge_metals_entry.sql
1	0211	0211_flooring_knowledge_tack_lnft.sql
1	0212	0212_flooring_knowledge_adhesive_qty.sql
1	0213	0213_flooring_knowledge_carpet_tile.sql
1	0214	0214_flooring_knowledge_carpet_tile_stairs.sql
1	0215	0215_flooring_knowledge_cut_width.sql
1	0216	0216_flooring_knowledge_roll_tbd_sku.sql
1	0217	0217_flooring_knowledge_hs_stair_units.sql
1	0218	0218_flooring_knowledge_tile_not_room_cut.sql
1	0219	0219_flooring_knowledge_builder_tile_coverage.sql
1	0220	0220_flooring_knowledge_install_rate.sql
1	0221	0221_flooring_knowledge_trim_price.sql
1	0222	0222_flooring_knowledge_roll_qty.sql
1	0223	0223_flooring_knowledge_piece_length.sql
1	0224	0224_flooring_knowledge_billing_unit.sql
1	0225	0225_flooring_knowledge_stair_allowance.sql
1	0226	0226_flooring_knowledge_selflevel_pour.sql
1	0227	0227_flooring_knowledge_subfloor_sheet.sql
1	0228	0228_flooring_knowledge_order_cut_width.sql
1	0229	0229_flooring_knowledge_tile_bags.sql
1	0230	0230_flooring_knowledge_count_qty.sql
1	0231	0231_flooring_knowledge_cut_width_init.sql
1	0232	0232_flooring_knowledge_each_qty.sql
1	0233	0233_flooring_knowledge_unit_tbd.sql
1	0234	0234_flooring_knowledge_review_units.sql
1	0235	0235_flooring_knowledge_product_unit.sql
1	0236	0236_flooring_knowledge_other_unit.sql
1	0237	0237_flooring_knowledge_stair_wrap.sql
1	0238	0238_flooring_knowledge_mixed_takeoff.sql
1	0239	0239_flooring_knowledge_mixed_emit.sql
1	0240	0240_flooring_knowledge_prep_area.sql
1	0241	0241_flooring_knowledge_room_prep.sql
1	0242	0242_flooring_knowledge_mixed_unassigned.sql
1	0243	0243_flooring_knowledge_adhesive_qty_ui.sql
1	0244	0244_flooring_knowledge_pad_count_ui.sql
1	0245	0245_flooring_knowledge_hardwood_finish.sql
1	0246	0246_flooring_knowledge_stair_wrap_qty.sql
1	0247	0247_flooring_knowledge_work_type.sql
1	0248	0248_flooring_knowledge_wet_area.sql
1	0249	0249_flooring_knowledge_builder_measured.sql
1	0250	0250_flooring_knowledge_existing_pad.sql
1	0251	0251_flooring_knowledge_cuts_panel.sql
1	0252	0252_flooring_knowledge_cuts_tbd.sql
1	0253	0253_flooring_knowledge_existing_tack.sql
1	0254	0254_flooring_knowledge_wall_tile.sql
1	0255	0255_flooring_knowledge_wall_floor.sql
1	0256	0256_flooring_knowledge_vacant_furniture.sql
1	0257	0257_flooring_knowledge_new_build_skim.sql
1	0258	0258_flooring_knowledge_new_build_toilets.sql
1	0259	0259_flooring_knowledge_climate_sot.sql
1	0260	0260_flooring_knowledge_wall_moisture.sql
1	0261	0261_flooring_knowledge_wall_prep.sql
1	0262	0262_flooring_knowledge_carpet_tile_layout.sql
1	0263	0263_flooring_knowledge_wall_subfloor.sql
1	0264	0264_flooring_knowledge_wall_stairs.sql
1	0265	0265_flooring_knowledge_wall_demo.sql
1	0266	0266_flooring_knowledge_wall_furniture.sql
1	0267	0267_flooring_knowledge_solid_floating.sql
1	0268	0268_flooring_knowledge_tile_vapor.sql
1	0269	0269_flooring_knowledge_vapor_underlayment.sql
1	0270	0270_flooring_knowledge_concrete_sheets.sql
1	0271	0271_flooring_knowledge_carpet_tile_vapor.sql
1	0272	0272_flooring_knowledge_wood_moisture.sql
1	0273	0273_flooring_knowledge_sole_leftover.sql
1	0274	0274_flooring_knowledge_carpet_hs_leftover.sql
1	0275	0275_flooring_knowledge_glue_wood_vapor.sql
1	0276	0276_flooring_knowledge_glue_wood_aqua.sql
1	0277	0277_flooring_knowledge_underlayment_cover.sql
1	0278	0278_flooring_knowledge_underlayment_units.sql
1	0279	0279_flooring_knowledge_bulk_pickup.sql
1	0280	0280_flooring_knowledge_wall_climate.sql
1	0281	0281_flooring_knowledge_legacy_climate.sql
1	0282	0282_flooring_knowledge_legacy_curb.sql
1	0283	0283_flooring_knowledge_carpet_install_method.sql
1	0284	0284_flooring_knowledge_carpet_surface.sql
1	0285	0285_flooring_knowledge_carpet_surface_leftover.sql
1	0286	0286_flooring_knowledge_hs_carpet_leftover.sql
1	0287	0287_flooring_knowledge_extra_pad_measured.sql
1	0288	0288_flooring_knowledge_dead_stair_gate.sql
1	0289	0289_flooring_knowledge_carpet_tile_metals.sql
1	0290	0290_flooring_knowledge_glue_existing_vapor.sql
1	0291	0291_flooring_knowledge_wood_deck_vapor.sql
1	0292	0292_flooring_knowledge_existing_floor_vapor.sql
1	0293	0293_flooring_knowledge_dead_stair_followups.sql
1	0294	0294_flooring_knowledge_pad_takeoff.sql
1	0295	0295_flooring_knowledge_existing_floor_aqua.sql
1	0296	0296_flooring_knowledge_new_build_furniture.sql
1	0297	0297_flooring_knowledge_loose_lay_vapor.sql
1	0298	0298_flooring_knowledge_non_vinyl_skim.sql
1	0299	0299_flooring_knowledge_illegal_leftover.sql
1	0300	0300_flooring_knowledge_lvp_fasteners.sql
1	0301	0301_flooring_knowledge_non_carpet_pad.sql
1	0302	0302_flooring_knowledge_none_disposal.sql
1	0303	0303_flooring_knowledge_tile_install_method.sql
1	0304	0304_flooring_knowledge_extra_pad_tbd.sql
1	0305	0305_flooring_knowledge_extra_leftover_sqft.sql
1	0306	0306_flooring_knowledge_extra_count_qty.sql
1	0307	0307_flooring_knowledge_extra_count_review.sql
1	0308	0308_flooring_knowledge_main_pad_count.sql
1	0309	0309_flooring_knowledge_main_count_qty.sql
1	0310	0310_flooring_knowledge_stair_wrap_qty.sql
1	0311	0311_flooring_knowledge_prep_count_review.sql
1	0312	0312_flooring_knowledge_boxed_carton_area.sql
1	0313	0313_flooring_knowledge_carpet_tile_carton.sql
1	0314	0314_flooring_knowledge_carton_tbd_review.sql
1	0315	0315_flooring_knowledge_carton_tbd_builder.sql
1	0316	0316_flooring_knowledge_count_tbd_builder.sql
1	0317	0317_flooring_knowledge_pick_boxed_area.sql
1	0318	0318_flooring_knowledge_po_carton_count.sql
1	0319	0319_flooring_knowledge_hydrate_count_sqft.sql
1	0320	0320_flooring_knowledge_unit_tbd_hydrate.sql
1	0321	0321_flooring_knowledge_customer_identity.sql
1	0322	0322_flooring_knowledge_unit_tbd_qty.sql
1	0323	0323_flooring_knowledge_customer_notes.sql
1	0324	0324_flooring_knowledge_customer_takeoff.sql
1	0325	0325_flooring_knowledge_customer_rooms.sql
1	0326	0326_flooring_knowledge_customer_line_notes.sql
1	0327	0327_flooring_knowledge_customer_uncertainty.sql
1	0328	0328_flooring_knowledge_mixed_new_build.sql
1	0329	0329_flooring_knowledge_customer_prep_confidence.sql
1	0330	0330_flooring_knowledge_customer_site_prep.sql
1	0331	0331_flooring_knowledge_customer_stair_steps.sql
1	0332	0332_flooring_knowledge_customer_prep_suffix.sql
1	0333	0333_flooring_knowledge_customer_line_steps.sql
1	0334	0334_flooring_knowledge_customer_review_headers.sql
1	0335	0335_flooring_knowledge_customer_review_buckets.sql
1	0336	0336_flooring_knowledge_customer_review_steps.sql
1	0337	0337_flooring_knowledge_customer_stair_types.sql
1	0338	0338_flooring_knowledge_customer_count_qty.sql
1	0339	0339_flooring_knowledge_customer_dash_qty.sql
1	0340	0340_flooring_knowledge_customer_bare_qty.sql
1	0341	0341_flooring_knowledge_customer_dimensions.sql
1	0342	0342_flooring_knowledge_customer_product_ft.sql
1	0343	0343_flooring_knowledge_customer_paren_ft.sql
1	0344	0344_flooring_knowledge_customer_paren_qty.sql
1	0345	0345_flooring_knowledge_customer_dash_paren.sql
1	0346	0346_flooring_knowledge_customer_lead_qty.sql
1	0347	0347_flooring_knowledge_customer_lead_ft.sql
1	0348	0348_flooring_knowledge_customer_trail_ft.sql
2	0349	0349_flooring_knowledge_customer_trail_qty.sql
2	0350	0350_flooring_knowledge_boxed_rate.sql
2	0351	0351_flooring_knowledge_tile_rate.sql
2	0352	0352_flooring_knowledge_builder_tile_rate.sql
2	0353	0353_flooring_knowledge_ai_tile_rate.sql
2	0354	0354_flooring_knowledge_tile_carton.sql
2	0355	0355_flooring_knowledge_po_tile_rate.sql
2	0356	0356_flooring_knowledge_po_hs_rate.sql
2	0357	0357_flooring_knowledge_picker_tile_rate.sql
2	0358	0358_flooring_knowledge_picker_hs_rate.sql
2	0359	0359_flooring_knowledge_picker_hs_swap.sql
2	0360	0360_flooring_knowledge_picker_tile_swap.sql
2	0361	0361_flooring_knowledge_picker_hs_cost.sql
2	0362	0362_flooring_knowledge_picker_tile_cost.sql
2	0363	0363_flooring_knowledge_po_tile_carton_cost.sql
2	0364	0364_flooring_knowledge_picker_clearance.sql
2	0365	0365_flooring_knowledge_po_print_carton_cost.sql
2	0366	0366_flooring_knowledge_order_plan_boxed.sql
2	0367	0367_flooring_knowledge_picker_cost_unit.sql
3	0368	0368_flooring_knowledge_job_purchasing_boxed.sql
3	0369	0369_flooring_knowledge_warehouse_queue_carton.sql
3	0370	0370_flooring_knowledge_job_scope_carton.sql
3	0371	0371_flooring_knowledge_order_carton.sql
3	0372	0372_flooring_knowledge_job_materials_carton.sql
3	0373	0373_flooring_knowledge_wo_editor_carton.sql
3	0374	0374_flooring_knowledge_job_materials_gap_carton.sql
3	0375	0375_flooring_knowledge_incoming_delivery_carton.sql
3	0376	0376_flooring_knowledge_estimate_office_carton.sql
3	0377	0377_flooring_knowledge_builder_collapsed_carton.sql
3	0378	0378_flooring_knowledge_guided_review_carton.sql
3	0379	0379_flooring_knowledge_snapshot_seed_carton.sql
