pass	filename	bytes
0380	0380_flooring_knowledge_line_measurements_carton.sql	91346
0381	0381_flooring_knowledge_guided_review_order_carton.sql	94030
0382	0382_flooring_knowledge_builder_collapsed_order_carton.sql	96668
0383	0383_flooring_knowledge_linemeasurements_order_carton.sql	99456
0384	0384_flooring_knowledge_estimate_office_order_carton.sql	102064
0385	0385_flooring_knowledge_job_scope_order_carton.sql	104602
0386	0386_flooring_knowledge_installation_wo_order_carton.sql	107224
0387	0387_flooring_knowledge_wo_editor_order_carton.sql	109842
0388	0388_flooring_knowledge_job_scope_order_pad_roll.sql	112341
0389	0389_flooring_knowledge_warehouse_queue_order_pad_roll.sql	114908
0390	0390_flooring_knowledge_job_materials_order_pad_roll.sql	117434
0391	0391_flooring_knowledge_estimate_order_pad_roll.sql	119904
0392	0392_flooring_knowledge_incoming_delivery_pad_roll.sql	122420
0393	0393_flooring_knowledge_wo_editor_order_pad_roll.sql	124986
0394	0394_flooring_knowledge_estimate_office_order_pad_roll.sql	127548
0395	0395_flooring_knowledge_builder_collapsed_order_pad_roll.sql	130122
0396	0396_flooring_knowledge_guided_review_order_pad_roll.sql	132734
0397	0397_flooring_knowledge_linemeasurements_order_pad_roll.sql	135470
0398	0398_flooring_knowledge_builder_expanded_pad_order_pad_roll.sql	138084
0399	0399_flooring_knowledge_builder_expanded_tile_takeoff_order_carton.sql	140642
0400	0400_flooring_knowledge_guided_estimate_tile_takeoff_order_carton.sql	143180
0401	0401_flooring_knowledge_guided_running_takeoff_order_carton.sql	145933
0402	0402_flooring_knowledge_guided_running_takeoff_order_pad_roll.sql	148647
0403	0403_flooring_knowledge_guided_pad_takeoff_order_pad_roll.sql	151309
0404	0404_flooring_knowledge_guided_extra_takeoff_order_pad_roll.sql	154003
0405	0405_flooring_knowledge_job_materials_gap_pad_roll.sql	156665
0406	0406_flooring_knowledge_job_materials_excess_pad_roll.sql	159271
0407	0407_flooring_knowledge_job_materials_arrived_pad_roll.sql	161895
0408	0408_flooring_knowledge_incoming_arrived_order_carton.sql	164686
0409	0409_flooring_knowledge_incoming_arrived_order_pad_roll.sql	167440
0410	0410_flooring_knowledge_incoming_outstanding_order_carton.sql	170289
0411	0411_flooring_knowledge_incoming_outstanding_order_pad_roll.sql	173083
0412	0412_flooring_knowledge_job_materials_outstanding_order_carton.sql	175894
0413	0413_flooring_knowledge_job_materials_outstanding_order_pad_roll.sql	178598
0414	0414_flooring_knowledge_guided_extra_takeoff_order_carton.sql	181334
0415	0415_flooring_knowledge_guided_review_takeoff_order_pad_roll.sql	184045
0416	0416_flooring_knowledge_guided_pad_takeoff_order_carton.sql	186765
0417	0417_flooring_knowledge_builder_expanded_pad_takeoff_order_carton.sql	189525
0418	0418_flooring_knowledge_builder_collapsed_pad_takeoff_order_carton.sql	192277
0419	0419_flooring_knowledge_estimate_office_pad_takeoff_order_carton.sql	195003
0420	0420_flooring_knowledge_wo_editor_pad_takeoff_order_carton.sql	197741
0421	0421_flooring_knowledge_installation_wo_pad_takeoff_order_carton.sql	200483
0422	0422_flooring_knowledge_estimate_order_pad_takeoff_order_carton.sql	203201
0423	0423_flooring_knowledge_job_materials_pad_takeoff_order_carton.sql	205909
0424	0424_flooring_knowledge_warehouse_queue_pad_takeoff_order_carton.sql	208643
0425	0425_flooring_knowledge_staging_pad_takeoff_order_carton.sql	211277
0426	0426_flooring_knowledge_incoming_delivery_pad_takeoff_order_carton.sql	214047
0427	0427_flooring_knowledge_incoming_delivery_arrived_pad_takeoff_order_carton.sql	216893
0428	0428_flooring_knowledge_incoming_delivery_outstanding_pad_takeoff_order_carton.sql	219771
0429	0429_flooring_knowledge_job_materials_gap_pad_takeoff_order_carton.sql	222607
0430	0430_flooring_knowledge_job_materials_excess_pad_takeoff_order_carton.sql	225393
0431	0431_flooring_knowledge_job_materials_arrived_pad_takeoff_order_carton.sql	228185
0432	0432_flooring_knowledge_job_materials_outstanding_pad_takeoff_order_carton.sql	231123
0433	0433_flooring_knowledge_job_scope_pad_takeoff_order_carton.sql	233761
0434	0434_flooring_knowledge_po_print_pad_takeoff_order_carton.sql	236419
0435	0435_flooring_knowledge_po_builder_pad_takeoff_order_carton.sql	239103
0436	0436_flooring_knowledge_line_measurements_pad_takeoff_order_carton.sql	241867
0437	0437_flooring_knowledge_po_plan_pad_takeoff_order_carton.sql	244497
0438	0438_flooring_knowledge_guided_review_pad_takeoff_order_carton.sql	247309
0439	0439_flooring_knowledge_warehouse_customer_order_cuts.sql	249621
0440	0440_flooring_knowledge_office_customer_order_cuts.sql	251940
0441	0441_flooring_knowledge_office_customer_order_email_cuts.sql	254337
0442	0442_flooring_knowledge_office_customer_order_invoice_cuts.sql	256746
0443	0443_flooring_knowledge_office_customer_order_invoice_unit.sql	259116
0444	0444_flooring_knowledge_office_customer_order_invoice_rate.sql	261486
0445	0445_flooring_knowledge_warehouse_incoming_short_mixed.sql	263763
0446	0446_flooring_knowledge_office_po_short_email_mixed.sql	266072
0447	0447_flooring_knowledge_warehouse_incoming_short_toast_mixed.sql	268435
0448	0448_flooring_knowledge_warehouse_reorder_remnant_mixed.sql	270720
0449	0449_flooring_knowledge_warehouse_stock_po_remnant_mixed.sql	273027
0450	0450_flooring_knowledge_warehouse_inventory_on_hand_mixed.sql	275454
0451	0451_flooring_knowledge_warehouse_customer_order_on_hand_mixed.sql	277829
0452	0452_flooring_knowledge_office_customer_order_on_hand_mixed.sql	280158
0453	0453_flooring_knowledge_warehouse_inventory_list_on_hand_mixed.sql	282529
0454	0454_flooring_knowledge_catalog_picker_on_hand_mixed.sql	284774
0455	0455_flooring_knowledge_quick_lines_on_hand_mixed.sql	287003
0456	0456_flooring_knowledge_job_materials_on_hand_mixed.sql	289262
0457	0457_flooring_knowledge_reports_products_on_hand_mixed.sql	291553
0458	0458_flooring_knowledge_warehouse_inventory_available_mixed.sql	294093
0459	0459_flooring_knowledge_warehouse_inventory_reserved_mixed.sql	296611
0460	0460_flooring_knowledge_warehouse_inventory_on_order_mixed.sql	299131
0461	0461_flooring_knowledge_warehouse_inventory_value_mixed.sql	301615
0462	0462_flooring_knowledge_warehouse_inventory_list_value_mixed.sql	304055
0463	0463_flooring_knowledge_reports_products_value_mixed.sql	306389
0464	0464_flooring_knowledge_warehouse_inventory_list_summary_value_mixed.sql	308981
0465	0465_flooring_knowledge_reports_products_dead_value_mixed.sql	311349
0466	0466_flooring_knowledge_pulse_dead_stock_value_mixed.sql	313669
0467	0467_flooring_knowledge_dashboard_ask_dead_stock_value_mixed.sql	316095
0468	0468_flooring_knowledge_catalog_export_on_hand_mixed.sql	318429
0469	0469_flooring_knowledge_insights_dead_stock_value_mixed.sql	320795
0470	0470_flooring_knowledge_reports_products_units_mixed.sql	323139
0471	0471_flooring_knowledge_job_scope_taped_sqft.sql	325283
0472	0472_flooring_knowledge_edit_scope_taped_sqft.sql	327455
0473	0473_flooring_knowledge_assistant_taped_sqft.sql	329613
0474	0474_flooring_knowledge_builder_ai_taped_sqft.sql	331785
0475	0475_flooring_knowledge_scheduling_taped_sqft.sql	333955
0476	0476_flooring_knowledge_scope_room_taped_sqft.sql	336165
